{"Volume-(Off).png": {"css-class": "rattic-icon-95", "filename": "Volume-(Off).png", "height": 10, "width": 5, "yoffset": 0, "xoffset": 906}, "Box.png": {"css-class": "rattic-icon-87", "filename": "Box.png", "height": 10, "width": 9, "yoffset": 0, "xoffset": 829}, "Dropdown.png": {"css-class": "rattic-icon-101", "filename": "Dropdown.png", "height": 10, "width": 10, "yoffset": 0, "xoffset": 959}, "Projector.png": {"css-class": "rattic-icon-7", "filename": "Projector.png", "height": 10, "width": 10, "yoffset": 0, "xoffset": 66}, "Pause.png": {"css-class": "rattic-icon-108", "filename": "Pause.png", "height": 10, "width": 8, "yoffset": 0, "xoffset": 1027}, "Lab.png": {"css-class": "rattic-icon-5", "filename": "Lab.png", "height": 10, "width": 8, "yoffset": 0, "xoffset": 50}, "Male.png": {"css-class": "rattic-icon-31", "filename": "Male.png", "height": 10, "width": 10, "yoffset": 0, "xoffset": 301}, "Cloud.png": {"css-class": "rattic-icon-12", "filename": "Cloud.png", "height": 7, "width": 10, "yoffset": 0, "xoffset": 114}, "Email.png": {"css-class": "rattic-icon-52", "filename": "Email.png", "height": 8, "width": 10, "yoffset": 0, "xoffset": 499}, "Face-(Alt).png": {"css-class": "rattic-icon-14", "filename": "Face-(Alt).png", "height": 10, "width": 10, "yoffset": 0, "xoffset": 134}, "Search.png": {"css-class": "rattic-icon-115", "filename": "Search.png", "height": 10, "width": 10, "yoffset": 0, "xoffset": 1096}, "Maps.png": {"css-class": "rattic-icon-63", "filename": "Maps.png", "height": 10, "width": 8, "yoffset": 0, "xoffset": 602}, "Microphone.png": {"css-class": "rattic-icon-39", "filename": "Microphone.png", "height": 10, "width": 8, "yoffset": 0, "xoffset": 373}, "TV.png": {"css-class": "rattic-icon-37", "filename": "TV.png", "height": 10, "width": 10, "yoffset": 0, "xoffset": 353}, "CD.png": {"css-class": "rattic-icon-80", "filename": "CD.png", "height": 10, "width": 10, "yoffset": 0, "xoffset": 762}, "Clipboard.png": {"css-class": "rattic-icon-88", "filename": "Clipboard.png", "height": 10, "width": 10, "yoffset": 0, "xoffset": 838}, "Printer.png": {"css-class": "rattic-icon-120", "filename": "Printer.png", "height": 10, "width": 10, "yoffset": 0, "xoffset": 1146}, "Pie-Chart.png": {"css-class": "rattic-icon-38", "filename": "Pie-Chart.png", "height": 10, "width": 10, "yoffset": 0, "xoffset": 363}, "Down.png": {"css-class": "rattic-icon-50", "filename": "Down.png", "height": 10, "width": 10, "yoffset": 0, "xoffset": 479}, "Female.png": {"css-class": "rattic-icon-85", "filename": "Female.png", "height": 10, "width": 7, "yoffset": 0, "xoffset": 812}, "Text.png": {"css-class": "rattic-icon-43", "filename": "Text.png", "height": 10, "width": 10, "yoffset": 0, "xoffset": 411}, "Game.png": {"css-class": "rattic-icon-137", "filename": "Game.png", "height": 10, "width": 10, "yoffset": 0, "xoffset": 1311}, "Dislike.png": {"css-class": "rattic-icon-34", "filename": "Dislike.png", "height": 10, "width": 10, "yoffset": 0, "xoffset": 326}, "CD-(Alt).png": {"css-class": "rattic-icon-107", "filename": "CD-(Alt).png", "height": 10, "width": 10, "yoffset": 0, "xoffset": 1017}, "Clothes.png": {"css-class": "rattic-icon-29", "filename": "Clothes.png", "height": 10, "width": 10, "yoffset": 0, "xoffset": 281}, "Paper-Plane.png": {"css-class": "rattic-icon-75", "filename": "Paper-Plane.png", "height": 10, "width": 10, "yoffset": 0, "xoffset": 712}, "Note.png": {"css-class": "rattic-icon-36", "filename": "Note.png", "height": 10, "width": 7, "yoffset": 0, "xoffset": 346}, "Bin.png": {"css-class": "rattic-icon-1", "filename": "Bin.png", "height": 10, "width": 10, "yoffset": 0, "xoffset": 10}, "Remove.png": {"css-class": "rattic-icon-17", "filename": "Remove.png", "height": 10, "width": 10, "yoffset": 0, "xoffset": 162}, "Tag.png": {"css-class": "rattic-icon-99", "filename": "Tag.png", "height": 10, "width": 10, "yoffset": 0, "xoffset": 941}, "Right.png": {"css-class": "rattic-icon-92", "filename": "Right.png", "height": 10, "width": 10, "yoffset": 0, "xoffset": 876}, "Signpost.png": {"css-class": "rattic-icon-127", "filename": "Signpost.png", "height": 10, "width": 10, "yoffset": 0, "xoffset": 1210}, "Hardware.png": {"css-class": "rattic-icon-72", "filename": "Hardware.png", "height": 10, "width": 10, "yoffset": 0, "xoffset": 686}, "Phone.png": {"css-class": "rattic-icon-6", "filename": "Phone.png", "height": 10, "width": 8, "yoffset": 0, "xoffset": 58}, "Compass.png": {"css-class": "rattic-icon-73", "filename": "Compass.png", "height": 10, "width": 10, "yoffset": 0, "xoffset": 696}, "Boat.png": {"css-class": "rattic-icon-61", "filename": "Boat.png", "height": 10, "width": 10, "yoffset": 0, "xoffset": 583}, "Moon.png": {"css-class": "rattic-icon-98", "filename": "Moon.png", "height": 10, "width": 10, "yoffset": 0, "xoffset": 931}, "Milk.png": {"css-class": "rattic-icon-100", "filename": "Milk.png", "height": 10, "width": 8, "yoffset": 0, "xoffset": 951}, "Factory.png": {"css-class": "rattic-icon-134", "filename": "Factory.png", "height": 10, "width": 10, "yoffset": 0, "xoffset": 1281}, "Mouse.png": {"css-class": "rattic-icon-49", "filename": "Mouse.png", "height": 10, "width": 8, "yoffset": 0, "xoffset": 471}, "Clock.png": {"css-class": "rattic-icon-121", "filename": "Clock.png", "height": 10, "width": 10, "yoffset": 0, "xoffset": 1156}, "Like.png": {"css-class": "rattic-icon-28", "filename": "Like.png", "height": 10, "width": 10, "yoffset": 0, "xoffset": 271}, "Star.png": {"css-class": "rattic-icon-131", "filename": "Star.png", "height": 10, "width": 10, "yoffset": 0, "xoffset": 1250}, "Basket.png": {"css-class": "rattic-icon-133", "filename": "Basket.png", "height": 8, "width": 11, "yoffset": 0, "xoffset": 1270}, "Film.png": {"css-class": "rattic-icon-69", "filename": "Film.png", "height": 10, "width": 10, "yoffset": 0, "xoffset": 656}, "Direction.png": {"css-class": "rattic-icon-86", "filename": "Direction.png", "height": 10, "width": 10, "yoffset": 0, "xoffset": 819}, "Quote.png": {"css-class": "rattic-icon-128", "filename": "Quote.png", "height": 10, "width": 10, "yoffset": 0, "xoffset": 1220}, "Food.png": {"css-class": "rattic-icon-16", "filename": "Food.png", "height": 10, "width": 8, "yoffset": 0, "xoffset": 154}, "Microphone-(Alt).png": {"css-class": "rattic-icon-103", "filename": "Microphone-(Alt).png", "height": 10, "width": 8, "yoffset": 0, "xoffset": 979}, "Play.png": {"css-class": "rattic-icon-33", "filename": "Play.png", "height": 10, "width": 5, "yoffset": 0, "xoffset": 321}, "Add.png": {"css-class": "rattic-icon-124", "filename": "Add.png", "height": 10, "width": 10, "yoffset": 0, "xoffset": 1180}, "Key.png": {"css-class": "rattic-icon-19", "filename": "Key.png", "height": 10, "width": 10, "yoffset": 0, "xoffset": 182}, "Download.png": {"css-class": "rattic-icon-23", "filename": "Download.png", "height": 10, "width": 10, "yoffset": 0, "xoffset": 220}, "Drink.png": {"css-class": "rattic-icon-51", "filename": "Drink.png", "height": 8, "width": 10, "yoffset": 0, "xoffset": 489}, "Globe.png": {"css-class": "rattic-icon-4", "filename": "Globe.png", "height": 10, "width": 10, "yoffset": 0, "xoffset": 40}, "Lock.png": {"css-class": "rattic-icon-122", "filename": "Lock.png", "height": 10, "width": 8, "yoffset": 0, "xoffset": 1166}, "Calculator.png": {"css-class": "rattic-icon-82", "filename": "Calculator.png", "height": 10, "width": 10, "yoffset": 0, "xoffset": 782}, "Damn-Hippies.png": {"css-class": "rattic-icon-3", "filename": "Damn-Hippies.png", "height": 10, "width": 10, "yoffset": 0, "xoffset": 30}, "Lightning.png": {"css-class": "rattic-icon-116", "filename": "Lightning.png", "height": 10, "width": 10, "yoffset": 0, "xoffset": 1106}, "Dice.png": {"css-class": "rattic-icon-93", "filename": "Dice.png", "height": 10, "width": 10, "yoffset": 0, "xoffset": 886}, "Loupe.png": {"css-class": "rattic-icon-53", "filename": "Loupe.png", "height": 10, "width": 10, "yoffset": 0, "xoffset": 509}, "Camera-(Alt).png": {"css-class": "rattic-icon-8", "filename": "Camera-(Alt).png", "height": 9, "width": 10, "yoffset": 0, "xoffset": 76}, "Flag.png": {"css-class": "rattic-icon-2", "filename": "Flag.png", "height": 10, "width": 10, "yoffset": 0, "xoffset": 20}, "Call.png": {"css-class": "rattic-icon-9", "filename": "Call.png", "height": 10, "width": 10, "yoffset": 0, "xoffset": 86}, "Lightbulb.png": {"css-class": "rattic-icon-113", "filename": "Lightbulb.png", "height": 10, "width": 10, "yoffset": 0, "xoffset": 1076}, "Volume-(On).png": {"css-class": "rattic-icon-54", "filename": "Volume-(On).png", "height": 10, "width": 10, "yoffset": 0, "xoffset": 519}, "Tick.png": {"css-class": "rattic-icon-21", "filename": "Tick.png", "height": 7, "width": 10, "yoffset": 0, "xoffset": 200}, "Notification.png": {"css-class": "rattic-icon-56", "filename": "Notification.png", "height": 10, "width": 10, "yoffset": 0, "xoffset": 539}, "Wine.png": {"css-class": "rattic-icon-58", "filename": "Wine.png", "height": 10, "width": 4, "yoffset": 0, "xoffset": 559}, "Page.png": {"css-class": "rattic-icon-11", "filename": "Page.png", "height": 10, "width": 8, "yoffset": 0, "xoffset": 106}, "Subtract.png": {"css-class": "rattic-icon-30", "filename": "Subtract.png", "height": 10, "width": 10, "yoffset": 0, "xoffset": 291}, "Printer-Alt.png": {"css-class": "rattic-icon-117", "filename": "Printer-Alt.png", "height": 10, "width": 10, "yoffset": 0, "xoffset": 1116}, "Headphones.png": {"css-class": "rattic-icon-40", "filename": "Headphones.png", "height": 9, "width": 10, "yoffset": 0, "xoffset": 381}, "Bell.png": {"css-class": "rattic-icon-26", "filename": "Bell.png", "height": 10, "width": 10, "yoffset": 0, "xoffset": 250}, "Plugin.png": {"css-class": "rattic-icon-62", "filename": "Plugin.png", "height": 9, "width": 9, "yoffset": 0, "xoffset": 593}, "Computer.png": {"css-class": "rattic-icon-77", "filename": "Computer.png", "height": 10, "width": 10, "yoffset": 0, "xoffset": 732}, "Stamp.png": {"css-class": "rattic-icon-139", "filename": "Stamp.png", "height": 10, "width": 10, "yoffset": 0, "xoffset": 1329}, "Facebook.png": {"css-class": "rattic-icon-15", "filename": "Facebook.png", "height": 10, "width": 10, "yoffset": 0, "xoffset": 144}, "Switch.png": {"css-class": "rattic-icon-24", "filename": "Switch.png", "height": 10, "width": 10, "yoffset": 0, "xoffset": 230}, "Teardrop.png": {"css-class": "rattic-icon-91", "filename": "Teardrop.png", "height": 10, "width": 8, "yoffset": 0, "xoffset": 868}, "Settings.png": {"css-class": "rattic-icon-105", "filename": "Settings.png", "height": 10, "width": 10, "yoffset": 0, "xoffset": 997}, "Umbrella.png": {"css-class": "rattic-icon-65", "filename": "Umbrella.png", "height": 10, "width": 10, "yoffset": 0, "xoffset": 616}, "Piggy-Bank.png": {"css-class": "rattic-icon-136", "filename": "Piggy-Bank.png", "height": 10, "width": 10, "yoffset": 0, "xoffset": 1301}, "Up.png": {"css-class": "rattic-icon-32", "filename": "Up.png", "height": 10, "width": 10, "yoffset": 0, "xoffset": 311}, "Text-(Alt).png": {"css-class": "rattic-icon-57", "filename": "Text-(Alt).png", "height": 10, "width": 10, "yoffset": 0, "xoffset": 549}, "Gavel.png": {"css-class": "rattic-icon-41", "filename": "Gavel.png", "height": 10, "width": 10, "yoffset": 0, "xoffset": 391}, "Warning.png": {"css-class": "rattic-icon-96", "filename": "Warning.png", "height": 10, "width": 10, "yoffset": 0, "xoffset": 911}, "Traffic-Cone.png": {"css-class": "rattic-icon-47", "filename": "Traffic-Cone.png", "height": 10, "width": 10, "yoffset": 0, "xoffset": 451}, "Battery.png": {"css-class": "rattic-icon-0", "filename": "Battery.png", "height": 6, "width": 10, "yoffset": 0, "xoffset": 0}, "Pokeball.png": {"css-class": "rattic-icon-78", "filename": "Pokeball.png", "height": 10, "width": 10, "yoffset": 0, "xoffset": 742}, "Heart.png": {"css-class": "rattic-icon-119", "filename": "Heart.png", "height": 9, "width": 10, "yoffset": 0, "xoffset": 1136}, "Comment.png": {"css-class": "rattic-icon-67", "filename": "Comment.png", "height": 10, "width": 10, "yoffset": 0, "xoffset": 636}, "Save.png": {"css-class": "rattic-icon-112", "filename": "Save.png", "height": 10, "width": 10, "yoffset": 0, "xoffset": 1066}, "Binoculars.png": {"css-class": "rattic-icon-48", "filename": "Binoculars.png", "height": 10, "width": 10, "yoffset": 0, "xoffset": 461}, "External-Link.png": {"css-class": "rattic-icon-10", "filename": "External-Link.png", "height": 10, "width": 10, "yoffset": 0, "xoffset": 96}, "Guitar.png": {"css-class": "rattic-icon-25", "filename": "Guitar.png", "height": 10, "width": 10, "yoffset": 0, "xoffset": 240}, "Photo.png": {"css-class": "rattic-icon-71", "filename": "Photo.png", "height": 10, "width": 10, "yoffset": 0, "xoffset": 676}, "Album.png": {"css-class": "rattic-icon-90", "filename": "Album.png", "height": 10, "width": 10, "yoffset": 0, "xoffset": 858}, "Briefcase-Medical.png": {"css-class": "rattic-icon-45", "filename": "Briefcase-Medical.png", "height": 10, "width": 10, "yoffset": 0, "xoffset": 431}, "Reply.png": {"css-class": "rattic-icon-46", "filename": "Reply.png", "height": 7, "width": 10, "yoffset": 0, "xoffset": 441}, "Location-Services.png": {"css-class": "rattic-icon-114", "filename": "Location-Services.png", "height": 10, "width": 10, "yoffset": 0, "xoffset": 1086}, "Anchor.png": {"css-class": "rattic-icon-70", "filename": "Anchor.png", "height": 10, "width": 10, "yoffset": 0, "xoffset": 666}, "Filter.png": {"css-class": "rattic-icon-129", "filename": "Filter.png", "height": 10, "width": 10, "yoffset": 0, "xoffset": 1230}, "Cross.png": {"css-class": "rattic-icon-140", "filename": "Cross.png", "height": 10, "width": 10, "yoffset": 0, "xoffset": 1339}, "Smiley.png": {"css-class": "rattic-icon-13", "filename": "Smiley.png", "height": 10, "width": 10, "yoffset": 0, "xoffset": 124}, "iPod.png": {"css-class": "rattic-icon-74", "filename": "iPod.png", "height": 10, "width": 6, "yoffset": 0, "xoffset": 706}, "Pencil.png": {"css-class": "rattic-icon-111", "filename": "Pencil.png", "height": 10, "width": 11, "yoffset": 0, "xoffset": 1055}, "Life-Ring.png": {"css-class": "rattic-icon-55", "filename": "Life-Ring.png", "height": 10, "width": 10, "yoffset": 0, "xoffset": 529}, "Wand.png": {"css-class": "rattic-icon-126", "filename": "Wand.png", "height": 10, "width": 10, "yoffset": 0, "xoffset": 1200}, "Coathanger.png": {"css-class": "rattic-icon-59", "filename": "Coathanger.png", "height": 10, "width": 10, "yoffset": 0, "xoffset": 563}, "Camera.png": {"css-class": "rattic-icon-42", "filename": "Camera.png", "height": 9, "width": 10, "yoffset": 0, "xoffset": 401}, "Calendar.png": {"css-class": "rattic-icon-68", "filename": "Calendar.png", "height": 10, "width": 10, "yoffset": 0, "xoffset": 646}, "Chrome.png": {"css-class": "rattic-icon-84", "filename": "Chrome.png", "height": 10, "width": 10, "yoffset": 0, "xoffset": 802}, "Briefcase.png": {"css-class": "rattic-icon-44", "filename": "Briefcase.png", "height": 10, "width": 10, "yoffset": 0, "xoffset": 421}, "Shuffle.png": {"css-class": "rattic-icon-89", "filename": "Shuffle.png", "height": 8, "width": 10, "yoffset": 0, "xoffset": 848}, "Castle.png": {"css-class": "rattic-icon-132", "filename": "Castle.png", "height": 10, "width": 10, "yoffset": 0, "xoffset": 1260}, "Dashboard.png": {"css-class": "rattic-icon-81", "filename": "Dashboard.png", "height": 10, "width": 10, "yoffset": 0, "xoffset": 772}, "Lamp.png": {"css-class": "rattic-icon-125", "filename": "Lamp.png", "height": 10, "width": 10, "yoffset": 0, "xoffset": 1190}, "Contrast.png": {"css-class": "rattic-icon-102", "filename": "Contrast.png", "height": 10, "width": 10, "yoffset": 0, "xoffset": 969}, "Inbox.png": {"css-class": "rattic-icon-76", "filename": "Inbox.png", "height": 9, "width": 10, "yoffset": 0, "xoffset": 722}, "Refresh.png": {"css-class": "rattic-icon-138", "filename": "Refresh.png", "height": 10, "width": 8, "yoffset": 0, "xoffset": 1321}, "Car.png": {"css-class": "rattic-icon-109", "filename": "Car.png", "height": 10, "width": 10, "yoffset": 0, "xoffset": 1035}, "Trophy.png": {"css-class": "rattic-icon-18", "filename": "Trophy.png", "height": 10, "width": 10, "yoffset": 0, "xoffset": 172}, "Apple.png": {"css-class": "rattic-icon-35", "filename": "Apple.png", "height": 10, "width": 10, "yoffset": 0, "xoffset": 336}, "Android.png": {"css-class": "rattic-icon-104", "filename": "Android.png", "height": 10, "width": 10, "yoffset": 0, "xoffset": 987}, "Plane.png": {"css-class": "rattic-icon-27", "filename": "Plane.png", "height": 10, "width": 11, "yoffset": 0, "xoffset": 260}, "Person.png": {"css-class": "rattic-icon-106", "filename": "Person.png", "height": 10, "width": 10, "yoffset": 0, "xoffset": 1007}, "Propeller.png": {"css-class": "rattic-icon-94", "filename": "Propeller.png", "height": 10, "width": 10, "yoffset": 0, "xoffset": 896}, "Tape.png": {"css-class": "rattic-icon-79", "filename": "Tape.png", "height": 7, "width": 10, "yoffset": 0, "xoffset": 752}, "Balloon.png": {"css-class": "rattic-icon-22", "filename": "Balloon.png", "height": 10, "width": 10, "yoffset": 0, "xoffset": 210}, "House.png": {"css-class": "rattic-icon-135", "filename": "House.png", "height": 10, "width": 10, "yoffset": 0, "xoffset": 1291}, "Cursor.png": {"css-class": "rattic-icon-123", "filename": "Cursor.png", "height": 10, "width": 6, "yoffset": 0, "xoffset": 1174}, "Crop.png": {"css-class": "rattic-icon-66", "filename": "Crop.png", "height": 10, "width": 10, "yoffset": 0, "xoffset": 626}, "Power.png": {"css-class": "rattic-icon-20", "filename": "Power.png", "height": 9, "width": 8, "yoffset": 0, "xoffset": 192}, "Left.png": {"css-class": "rattic-icon-130", "filename": "Left.png", "height": 10, "width": 10, "yoffset": 0, "xoffset": 1240}, "Quick-Look.png": {"css-class": "rattic-icon-118", "filename": "Quick-Look.png", "height": 6, "width": 10, "yoffset": 0, "xoffset": 1126}, "Paperclip.png": {"css-class": "rattic-icon-64", "filename": "Paperclip.png", "height": 10, "width": 6, "yoffset": 0, "xoffset": 610}, "Afro.png": {"css-class": "rattic-icon-60", "filename": "Afro.png", "height": 10, "width": 10, "yoffset": 0, "xoffset": 573}, "Glasses.png": {"css-class": "rattic-icon-97", "filename": "Glasses.png", "height": 7, "width": 10, "yoffset": 0, "xoffset": 921}, "Hand-Cursor.png": {"css-class": "rattic-icon-83", "filename": "Hand-Cursor.png", "height": 10, "width": 10, "yoffset": 0, "xoffset": 792}, "Wrench.png": {"css-class": "rattic-icon-110", "filename": "Wrench.png", "height": 10, "width": 10, "yoffset": 0, "xoffset": 1045}}